Description,English Text,Spanish,Russian,Brazilian-Portugese,French,German,Swedish,Pirate Speak,,
Throw tutorial (xbox),"""'X' button to throw""","""«X» para lanzar""","""""X"" - бросок""","""""X"" para arremessar""","""""X"" pour lancer""","""»X« zum Werfen""","""Tryck 'X' för att kasta""","""Mash th' ""X"" ta throw""",,""""""
Throw tutorial (ps4),"""X' button to throw""","""«X» para lanzar""","""""X"" - бросок""","""""X"" para arremessar""","""""X"" pour lancer""","""»X« zum Werfen""","""Tryck 'X' för att kasta""","""Mash th' ""X"" ta throw""",,""""""
Throw tutorial (keyboard),"""Left mouse to throw""","""«Clic izquierdo» para lanzar""","""ЛКМ - бросок""","""Clique esquerdo do mouse para arremessar""","""""Clic gauche"" pour lancer""","""Linksklick zum Werfen""","""Vänstra musknappen för att kasta""","""Mash th' left rat button ta throw""",,""""""
Dash tutorial (xbox),"""'A' button to dash""","""«A» para lanzarte""","""""A"" - рывок""","""""A"" para esquivar""","""""A"" pour s'élancer""","""»A« zum Gleiten""","""Tryck 'A' för att rulla""","""Mash th' ""A"" ta set sail""",,""""""
Dash tutorial (ps4),"""Square button to dash""","""«Cuadrado» para lanzarte""","""Квадрат - рывок""","""Quadrado para deslizar""","""""Carré"" pour s'élancer""","""»Quadrat« zum Gleiten""","""Tryck 'Kvadrat' för att rulla""","""Mash th' square ta set sail""",,""""""
Dash tutorial (keyboard),"""Right mouse to dash""","""«Clic derecho» para lanzarte""","""ПКМ - рывок""","""Clique direito para deslizar""","""""Clic droit"" pour s'élancer""","""Rechtsklick zum Gleiten""","""Tryck på högra musknappen för att rulla""","""Mash th' right rat button ta set sail""",,""""""
Intro 1,"""I think this is the place..""","""Creo que este es el lugar...""","""Похоже это то место""","""Acho que o lugar é esse...""","""Je pense que c'est ici..""","""Ich glaube, dies ist der Ort...""","""Jag tror dethär är stället""","""X marks tha spot... this better be it!""",,""""""
"Intro 2 (Magical gibberish, dont translate)","""Ven Nebrae!""","""¡Ven Nebrae!""","""Ven Nebrae!""","""Ven Nebrae!""","""Ven Nebrae!""","""Ven Nebrae!""","""Ven Nebrae!""","""Ven Nebrae!""",,""""""
"Intro 3 (Magical gibberish, dont translate)","""Ergisci Lianthus!""","""¡Ergisci Lianthus!""","""Ergisci Lianthus!""","""Ergisci Lianthus!""","""Ergisci Lianthus!""","""Ergisci Lianthus!""","""Ergisci Lianthus!""","""Ergisci Lianthus!""",,""""""
Intro 4,"""Did it work?""","""¿Funcionó?""","""Сработало?""","""Funcionou?""","""Est-ce que ça a marché?""","""Hat es funktioniert?""","""Funkade det?""","""Arrr, did it work?""",,""""""
Intro 5,"""Oh no!""","""¡Ay no!""","""О нет!""","""Oh não!""","""Oh non!""","""Oh nein!""","""Åh Nej!""","""Shiver me timbers!""",,""""""
Witch 1,"""You're alive?""","""¿Estás vivo?""","""Ты живой?""","""Você está vivo?""","""Vous êtes vivant?""","""Du bist am Leben?""","""Lever du?""","""Yo ho, a dead man tells no tales!""",,""""""
Witch 2,"""The spell must have revived you!""","""¡El hechizo debe haberte revivido!""","""Заклинание должно было тебя оживить!""","""O feitiço deve ter revivido você!""","""Le sort a dû vous réveiller!""","""Der Spruch muss dich wiederbelebt haben! ""","""Trollformeln måste ha återupplivat dig""","""Th' voodoo magic musta brought ye back!""",,""""""
Witch 3,"""That man to the East tricked me..""","""El hombre del este me engañó...""","""Тот человек с Востока обманул меня...""","""O homem do leste me enganou...""","""Cet homme à l'Est m'a piégé..""","""Dieser Mann im Osten hat mich reingelegt...""","""Mannen i öst lurade mig...""","""Tha lad to th' east played me like a damn fiddle!""",,""""""
Witch 4,"""And now I've unleashed the darkness.""","""Y ahora he liberado la oscuridad.""","""И теперь я выпустила тьму.""","""E agora eu libertei a escuridão.""","""Et maintenant, j'ai libéré l'obscurité.""","""Und jetzt habe ich die Dunkelheit entfesselt!""","""Och nu har jag släppt ut mörkret.""","""I've unleashed davey jones' locker.""",,""""""
Witch 5,"""It's all my fault!""","""¡Todo es mi culpa! ""","""Это моя вина!""","""É tudo culpa minha!""","""Tout est de ma faute!""","""Es ist alles meine Schuld!""","""Allt är mitt fel!""","""Now we've got tha devil to pay!""",,""""""
Witch 6 - after unlocking throw,"""You've been into the darkness now..""","""Ya has estado en la oscuridad...""","""Теперь ты побывал во тьме..""","""Você já esteve na escuridão...""","""Vous êtes allé dans l'obscurité..""","""Nun bist du in der Dunkelheit gewesen... ""","""Nu har du varit inne i mörkret...""","""Arr... ye've been in the bilge...""",,""""""
Witch 7 - after unlocking throw,"""I wonder what it's like.""","""Me pregunto cómo será.""","""Интересно, каково это?""","""Eu me pergunto como deve ser.""","""Je me demande comment c'est. ""","""Ich frage mich, wie es wohl ist... ""","""Jag undrar hur det är där.""","""I've yet to dive in...""",,""""""
Witch 8 - after unlocking dash,"""You seem different now Skele..""","""Pareces haber cambiado, Skele...""","""Ты кажешься другим Скеле...""","""Você parece diferente, Skele...""","""Tu a l'air différent maintenant Skele..""","""Du scheinst dich verändert zu haben, Skele...""","""Du verkar annorlunda Skele...""","""Ya seem like ya've changed, rattlebones...""",,""""""
Witch 9 - after unlocking dash,"""Could it be that you're magic too?""","""¿Podrá ser que eres mágico también?""","""Возможно ты тоже волшебный?""","""Pode ser que você seja um mágico também?""","""Se pourrait-il que tu sois magique toi aussi?""","""Könnte es sein, dass du auch magisch bist?""","""Kan det vara så att du också är magisk?""","""Are ya practicin' tha witchcraft as well?""",,""""""
Witch 10 - after unlocking charge,"""Did you meet the man to the east?""","""¿Te encontraste con el hombre del este?""","""Ты встретил человека с Востока?""","""Você conheceu o homem do leste?""","""As-tu rencontré l'homme à l'Est?""","""Hast du den Mann im Osten getroffen?""","""Mötte du manen i öst?""","""Ya've met with tha lad to th' east?""",,""""""
Witch 11- after unlocking charge,"""Why would he trick me?""","""¿Por qué me engañaría?""","""Почему он меня обманул?""","""Por que ele iria me enganar?""","""Pourquoi m'aurait-il piégé?""","""Warum würde er mich hereinlegen wollen?""","""Varför lurade han mig?""","""Why's he dancin' with tha devil?""",,""""""
Witch 12 - after unlocking charge,"""That spell hurt the forest.""","""Ese hechizo dañó el bosque.""","""Это заклинание поранило лес.""","""O feitiço danificou a floresta.""","""Ce sort a fait mal à la forêt.""","""Dieser Spruch hat den Wald verletzt.""","""Trollformeln skadade skogen""","""Witchcraft is hurtin' tha landlubber's ocean...""",,""""""
Witch 13 - after unlocking charge,"""But I guess it also revived you Skele!""","""¡Pero supongo que también te revivió, Skele!""","""Но оно также воскресило тебя, Скеле!""","""Mas eu acho que também reviveu você, Skele.""","""Mais il t'a aussi ramené à la vie Skele!""","""Aber ich nehme an dass er dich auch wiederbelebt hat, Skele!""","""Men den återupplivade ju dig också Skele!""","""But it brought ye back, rattlebones!""",,""""""
Witch 14 - after defeating dog,"""I think the darkness is weaker now.""","""Creo que la oscuridad está más débil ahora.""","""Кажется, тьма стала слабее""","""Acredito que a escuridão está mais fraca agora.""","""Je pense que l'obscurité est plus faible désormais.""","""Ich finde, die Dunkelheit ist schwächer geworden.""","""Jag tror att mörkret är svagare nu""","""I think tha bilge is weak'r now.""",,""""""
Witch 15 - after defeating dog,"""Did you fix something Skele?""","""¿Arreglaste algo, Skele?""","""Это ты исправил что-то Скеле?""","""Você consertou alguma coisa, Skele?""","""As-tu réparé quelque chose Skele?""","""Hast du etwas in Ordnung gebracht, Skele?""","""Fixade du något Skele?""","""Did ya fix somthin'?""",,""""""
Witch 16 - after defeating dog,"""The forest feels safer now.""","""Ahora el bosque se siente más seguro.""","""Теперь лес кажется безопаснее""","""Agora a floresta parece mais segura.""","""La forêt semble plus sûre maintenant.""","""Der Wald fühlt sich jetzt sicherer an.""","""Skogen känns säkrare nu.""","""Tha landlubber's ocean feels safer now.""",,""""""
Witch Dark 1,"""It's so dark..""","""Está tan oscuro...""","""Так темно..""","""Está tão escuro...""","""Il fait si sombre..""","""Es ist so dunkel...""","""Det är så mörkt...""","""Arrr.... tha world's pitch black""",,""""""
Witch Dark 2,"""I don't want to open my eyes.""","""No quiero abrir los ojos.""","""Не хочется открывать глаза""","""Não quero abrir os olhos.""","""Je ne veux pas ouvrir les yeux.""","""Ich will meine Augen nicht öffnen.""","""Jag vill inte öppna mina ögon""","""I should be wearin' two eyepatches...""",,""""""
Palette Unlocked,"""palettes unlocked""","""Paletas de colores desbloqueadas.""","""смена палитры разблокирована""","""Paletas de cores desbloqueadas""","""Palettes débloquées ""","""Paletten freigeschaltet""","""Palleter Upplåsta""","""booty unlocked""",,""""""
Boy 1,"""Are you a friendly Skele?""","""¿Eres un Skele amigable?""","""Ты дружелюбный, Скеле?""","""Você é um Skele amigável?""","""Tu veux être mon ami?""","""Bist du ein freundlicher Skele? ""","""Är du ett vänligt Skele?""","""Are ya a friend or a foe, mate?""",,""""""
Boy 2,"""I came here to see the witch girl..""","""Vine para ver la niña bruja.""","""Я пришёл повидать ведьмочку.""","""Eu vim aqui pra ver a garota bruxa.""","""Je suis venu ici pour voir la sorcière.""","""Ich bin hergekommen um das Hexenmädchen zu sehen... ""","""Jag kom hit för att träffa häx-flickan""","""I came ta see th' magic lass...""",,""""""
Boy 3,"""People in town don't believe in witches.""","""La gente del pueblo no cree en las brujas.""","""Люди в городе не верят в ведьм.""","""As pessoas na cidade não acreditam em bruxas.""","""En ville, les gens ne croient pas aux sorcières.""","""Städter glauben nicht an Hexen. ""","""Folket i stan tror inte på häxor""","""Me crew don't think witchcraft is real!""",,""""""
Boy 4,"""But I can't find the way home!""","""¡Pero no puedo encontrar el camino a casa!""","""Но я не могу найти дорогу домой!""","""Mas eu não consigo acharo caminho de casa!""","""Mais je n'arrive pas à trouver le chemin de la maison!""","""Aber ich finde den Heimweg nicht mehr!""","""Men jag kan inte hitta hem!""","""Arrr.. I'm lost without me map!""",,""""""
Boy 5,"""The forest got scary..""","""El bosque se puso aterrador...""","""Лес стал таким страшным..""","""A floresta ficou assustadora...""","""La forêt est devenue effrayante..""","""Der Wald wurde unheimlich... ""","""Skogen blev läskig...""","""Can't stand bein' away from th' ocean...""",,""""""
Boy 6 - after unlocking dash,"""Things are whispering from the trees.""","""Escucho susurros entre los arboles.""","""Я слышу чей-то шепот""","""Escuto sussurros vindo das árvores.""","""Il y a des choses qui murmurent dans les arbres.""","""Aus den Bäumen flüstert es... ""","""Saker viskar från träden.""","""Arrr... th' trees be whisperin'""",,""""""
Boy 7 - after unlocking dash,"""I feel like it's all closing around me.""","""Siento que me quedo encerrado.""","""Я чувствую будто оно давит со всех сторон""","""Eu sinto como se tudo tivesse se fechando ao meu redor.""","""J'ai l'impression que tout se referme autour de moi.""","""Es fühlt sich an als ob mich alles um mich herum einschließen würde ""","""Det känns som att det stängs runt om mig.""","""I feel somethin' creepin' in closer...""",,""""""
Boy 8 - after unlocking dash,"""But it's better when you're here skele.""","""Pero es mejor cuando tu estas aquí, Skele.""","""Но мне лучше, когда ты рядом, Скеле""","""Mas é melhor quando você está aqui, Skele.""","""Mais c'est mieux quand tu es là Skele.""","""Aber wenn du bei mir bist, ist es besser, Skele. ""","""Men det känns bättre när du är här Skele.""","""But it's safer with ya here, rattlebones!""",,""""""
Boy 7 - after defeating dog,"""It's less scary here now.""","""Ahora está menos aterrador aquí.""","""Теперь не так страшно,""","""Está menos assustador agora.""","""C'est moins effrayant ici maintenant.""","""Jetzt ist ess hier weniger umheimlich.""","""Det är mindre läskigt här nu.""","""Arrr, I don't feel like the ship sinkin' now...""",,""""""
Boy 8 - after defeating dog,"""Now it just feels beautiful.""","""Ahora se siente simplemente hermoso.""","""Скорее даже красиво""","""Agora tudo parece lindo.""","""Maintenant, c'est tout simplement magnifique.""","""Jetzt fühlt es sich einfach nur noch schön an.""","""Nu känns det bara vackert""","""Quite a sight ta behold, matey!""",,""""""
Boy Dark 1,"""You can't stop the darkness.""","""No puedes detener la oscuridad.""","""Ты не сможешь остановить тьму""","""Você não pode parar a escuridão.""","""Tu ne peux pas arrêter l'obscurité.""","""Du kannst die Dunkelheit nicht aufhalten. ""","""Du kan inte stoppa mörkret.""","""Davey Jones can't be stopped, mate""",,""""""
Boy Dark 2,"""No one can.""","""Nadie puede.""","""Никто не сможет""","""Ninguém pode.""","""Personne ne le peut.""","""Niemand kann das. ""","""Det kan ingen.""","""Not even th' devil himself""",,""""""
Charge tutorial (xbox),"""Hold 'X'  to charge throw""","""Mantén presionado «X» para cargar el lanzamiento""","""Удерживайте ""X"" - заряженный бросок""","""Segure 'X' para lançamento carregado.""","""Mainenir ""X"" pour charger le lancer ""","""»X« halten, um »Werfen« zu laden""","""Håll 'X' för att ladda kast""","""Hold th' ""X"" ta charge""",,""""""
Charge tutorial (ps4),"""Hold X to charge throw""","""Mantén presionado «X» para cargar el lanzamiento""","""Удерживайте ""X"" - заряженный бросок""","""Segure 'X' para lançamento carregado.""","""Maintenir ""X"" pour charger le lancer""","""»X« halten, um »Werfen« zu laden""","""Håll 'X' för att ladda kast""","""Hold th' ""X"" ta charge""",,""""""
Charge tutorial (keyboard),"""Hold mouse to charge throw""","""Mantén presionado «Clic» para cargar el lanzamiento""","""Удерживайте ЛКМ - заряженный бросок""","""Segure Clique Esquerdo para lançamento carregado.""","""Maintenir la souris pour charger le lancer""","""Linksklick halten, um »Werfen« zu laden ""","""Håll ner musknappen för att ladda kast.""","""Hold th' left rat button ta charge""",,""""""
Rogue 1,"""The skeleton came alive?""","""¿El esqueleto cobró vida?""","""Скелет восстал из мертвых?""","""O esqueleto ganhou vida?""","""Le squelette est revenu à la vie?""","""Das Skelett ist wieder lebendig geworden?""","""Blev skelettet levande?""","""Th' dead man walks again!""",,""""""
Rogue 2,"""This is not what the dream foretold.""","""Esto no es lo que el sueño predijo.""","""Этого не было во сне.""","""Não foi isso o que o sonho previu.""","""Ce n'est pas ce que le rêve avait annoncé.""","""Das ist nicht, was der Traum vorhersagte.""","""Det här är inte vad drömmen förutspådde.""","""This not be what th' dream told me.""",,""""""
Rogue 3,"""I came to this place to follow a vision,""","""Vine aquí para seguir una visión.""","""Я пришел сюда вслед за видением,""","""Eu vim aqui para seguir uma visão.""","""Je suis venu ici pour suivre une vision,""","""Ich kam hierher, um einer Vision zu folgen,""","""Jag kom till den här platsen för att följa en uppenbarelse""","""I sailed here to follow a vision, lad""",,""""""
Rogue 4,"""But this is not at all what I wanted.""","""Pero esto es para nada lo que quería.""","""Но это совсем не то, чего я ожидал""","""Mas não era isso o que eu queria.""","""Mais ce n'est pas du tout ce que je voulais.""","""Aber dies ist überhaupt nicht das, was ich wollte.""","""Men det här är inte alls vad jag ville.""","""But this ain't what I wanted!""",,""""""
Rogue 5,"""I can use my visions to guide you,""","""Puedo usar mis visiones para guiarle.""","""Я могу использовать свои видения, чтобы направлять тебя.""","""Eu posso usar minhas visões para te guiar.""","""Je peux utiliser mes visions pour te guider,""","""Ich kann dich mit meinen Visionen leiten,""","""Jag can använda mina uppenbarelser för att guida dig.""","""I can sell ye some knowledge...""",,""""""
Rogue 6,"""But I will want a price.""","""Pero, tiene un precio.""","""Разумеется, не бесплатно""","""Mas, eu tenho um preço.""","""Mais ce n'est pas gratuit.""","""Aber dies kostet seinen Preis.""","""Men jag vill ha betalt.""","""for a few pieces o' eight.""",,""""""
Rogue Prompt,"""Pay 50 flowers for a hint?""","""¿Desea pagar 50 flores por una pista?""","""Заплатить 50 цветков за подсказку?""","""Pagar 50 flores por uma dica?""","""Payer 50 fleurs pour un indice?""","""50 Blumen gegen einen Hinweis? ""","""Betala 50 blommor för en ledtråd?""","""Pay tha landlubber 50 sunflow'rs for a vision?""",,""""""
Rogue Denied,"""This is not enough..""","""Esto no es suficiente...""","""Этого не достаточно..""","""Isto não é o suficiente...""","""Ce n'est pas assez..""","""Das ist nicht genug... ""","""Det här är inte tillräkligt...""","""Come back when yer rich, lad!""",,""""""
Rogue Hint 1 - before unlocking dash,"""Go South from the Shrine, enter the dark.""","""Vaya al Santuario, y entre en la oscuridad.""","""Следуй на Юг от Алтаря, войди в темноту.""","""Vá para o sul do santuário, entre na escuridão.""","""Va au Sud depuis l'Autel, entre dans l'obscurité.""","""Gehe vom Schrein in gen Süden, hinein in die Dunkelheit. ""","""Gå söder om helgongraven och gå in i mörkret""","""Sail south from th' shrine, enter Davey Jones' locker""",,""""""
Rogue Hint 2 - before unlocking dash,"""There you will find great speed.""","""Ahí encontrará gran velocidad.""","""Там ты обретешь большую скорость.""","""Aqui você vai encontrar grande velocidade.""","""Là-bas, tu trouveras une grande vitesse.""","""Dort wirst du zu großer Schnelligkeit gelangen. ""","""Där inne kommer du finna hög hastighet.""","""There ya will find some faster sails!""",,""""""
Rogue Hint 3 - before defeating dog,"""Enter the Dark, South of the Witch.""","""Entre a la oscuridad, al sur de la bruja.""","""Войди в темноту Южнее дома Ведьмы""","""Entre na escuridão, ao sul da bruxa.""","""Entre dans l'Obscurité, au Sud de la Sorcière. ""","""Tritt ein in die Dunkelheit, südlich der Hexe. ""","""Gå in i mörkret, Söder om häxan.""","""Sail into tha bilge, south of tha sea witch""",,""""""
Rogue Hint 4 - before defeating dog,"""To the East is the Wolf that blocks you.""","""Al este se encuentra el lobo que le impide el paso.""","""На Востоке ты встретишь Волка, который преграждает тебе путь""","""No leste está o lobo que te impede.""","""A l'Est se trouve le Loup qui te bloque le chemin.""","""Gen Osten ist der Wolf, an dem man nicht vorbeikommt.""","""Till öster är vargen som stoppar dig""","""Then sail east ta find the mangy mutt""",,""""""
Rogue Hint 5 - after defeating dog,"""Go to the North, in the Dark.""","""Vaya al norte, a la oscuridad.""","""Следуй на Север, в Темноту""","""Vá para o norte, para a escuridão.""","""Va au Nord, dans l'Obscurité.""","""Gehe nach Norden, in die Dunkelheit.""","""Go mot norr, In i mörkret.""","""Sail north, into the bilge""",,""""""
Rogue Hint 6 - after defeating dog,"""The Shadow will reveal itself there.""","""La sombra se revelará ahí.""","""Там тень раскроет себя""","""Lá a sombra se revelará.""","""L'Ombre s'y dévoilera là-bas.""","""Der Schatten wird sich dort enthüllen.""","""Skuggan kommer att uppenbara sig där.""","""The Devil himself will be before yer eyes""",,""""""
Left Secret 1,"""The Light and Dark""","""La Luz y la Oscuridad""","""Свет и Тьма""","""A luz e a escuridão.""","""La Lumière et l'Obscurité""","""Das Licht und der Schatten""","""Ljuset och mörkret.""","""Tha light 'n tha dark""",,""""""
,"""Were torn apart""","""Fueron separadas""","""Разорваны надвое""","""Foram separadas.""","""Ont été déchirés ""","""Sie wurden getrennt""","""De slets isär.""","""were ripped in two""",,""""""
,"""And all the blossoms withered""","""Y todas las flores se marchitaron.""","""И все цветы засохли""","""E todas a flores murcharam.""","""Et toutes les fleurs se sont fanées""","""Und alle Blüten welkten""","""Och all blomstring vissnade""","""and tha weeds grew dim and dark""",,""""""
Right Secret 1,"""Torn in two""","""Divididas en dos""","""Порваны надвое""","""Separadas em dois.""","""Déchiré en deux""","""Zerissen entzwei""","""Sliten itu.""","""Split in two""",,""""""
,"""Twin eternals fought""","""Las gemelas eternas peleaban""","""Вечные близнецы сражались""","""Gêmeos eternos lutaram.""","""Des jumeaux éternels se sont battus""","""Sie kämpften ans Ende der Zeit""","""De eviga tvilingarna slogs.""","""they dueled for the rest 'a time""",,""""""
,"""Until their worlds were distant""","""Hasta que sus mundos fueron distantes""","""Пока их миры не разделились""","""Até que seus mundos ficassem distantes.""","""Jusqu'à ce que leurs mondes soient distants""","""Bis ihre Welten waren distant""","""Tills deras världar låg långt isär""","""until tha two worlds sailed into the sunset""",,""""""
Middle Secret 1,"""The price was paid""","""El precio fue pagado""","""Цена заплачена""","""O preço foi pago.""","""Le prix a été payé""","""Der Preis wurde bezahlt ""","""Priset betalades.""","""The devil was paid""",,""""""
,"""Lianthus' eternal life""","""La vida eterna de Lianthus""","""Вечная жизнь Лиантуса""","""A vida eterna de Lianthus.""","""La vie éternelle de Lianthus ""","""Lianthusʼ ewiges Leben""","""Lianthus eviga liv""","""Lianthus walked tha plank""",,""""""
,"""So his flowers would bloom anew""","""Para que sus flores vuelvan a florecer""","""Так его цветы зацветут вновь""","""Então as flores voltaram a florescer.""","""Pour que ses fleurs s'épanouissent à nouveau ""","""Auf dass seine Blumen neu erblühen würden ""","""Så hans blommor kan  blomma igen.""","""so his treasure would bloom once more""",,""""""
Splash Screen,"""Icon shown when saving""","""Icono mostrado cuando el juego se guarda.""","""При сохранении отображается иконка""","""Ícone mostrado enquanto o jogo salva.""","""Icône affichée pendant la sauvegarde ""","""Dieses Symbol zeigt an, dass gespeichert wird. ""","""Ikonen visas när spelet sparas""","""Arrr, don't walk the plank when this shows up!""",,""""""
Clone tutorial (xbox),"""'Y' button to clone""","""«Y» para clonar""","""""Y"" для клонирования""","""Y' para clonar.""","""""Y"" pour se cloner ""","""»Y« zum Klonen""","""Tryck 'Y' för att klona""","""Mash th' ""Y"" button ta clone""",,""""""
Clone tutorial (ps4),"""Triangle button to clone""","""«Triangulo» para clonar""","""""Треугольник"" для клонирования""","""Triângulo para clonar.""","""""Triangle"" pour se cloner""","""»Dreieck« zum Klonen""","""Tryck 'Trekant' för att klona""","""Mash th' ""Y"" button ta clone""",,""""""
Clone tutorial (keyboard),"""Shift to clone""","""«Shift» para clonar""","""Shift для клонирования""","""Shift para clonar.""","""""Shift"" pour se cloner ""","""»Shift« zum Klonen""","""Tryck 'Shift' för att klona""","""Mash th' ""Shift"" button ta clone""",,""""""
Title Screen,"""Enter""","""Entrar""","""Подтвердить""","""Entrar""","""Entrer ""","""Los""","""Börja""","""Set Sail""",,""""""
,"""Options""","""Configuración""","""Настройки""","""Opções""","""Options ""","""Optionen""","""Inställningar""","""Captain's Orders""",,""""""
,"""Credits""","""Créditos""","""Титры""","""Créditos""","""Crédits ""","""Mitwirkende""","""Eftertexter""","""Ship's Crew""",,""""""
,"""Exit""","""Salir""","""Выход""","""Sair""","""Quitter ""","""Beenden""","""Avsluta""","""Abandon Ship""",,""""""
Options Screen,"""Return""","""Volver""","""Назад""","""Voltar""","""Retour""","""Zurück""","""Bakåt""","""Plunder""",,""""""
,"""Palette""","""Paleta de colores""","""Палитра""","""Paleta de cores""","""Palette""","""Palette""","""Palette""","""Vision""",,""""""
,"""Music""","""Música""","""Музыка""","""Música""","""Musique""","""Musik""","""Musik""","""Tunes""",,""""""
,"""Sound""","""Sonidos""","""Звук""","""Som""","""Son""","""Ton""","""Ljud""","""Shoutin'""",,""""""
,"""Pixely""","""Pixelación""","""Пикселизация""","""Pixelização""","""Pixellisation""","""Auflösung ""","""Pixelig""","""Double Vision""",,""""""
,"""Fullscreen""","""Pantalla completa""","""Полноэкранный режим""","""Tela cheia""","""Plein écran ""","""Vollbild""","""Full skärm""","""Giant Porthole""",,""""""
,"""Language""","""Idioma""","""Язык""","""Idioma""","""Langage""","""Sprache""","""Språk""","""Lingo""",,""""""
yes variants,"""yes""","""si""","""да""","""sim""","""oui""","""ja""","""Ja""","""aye""",,""""""
,"""yes""","""si""","""ага""","""sim""","""oui""","""jap""","""Ja""","""aye""",,""""""
,"""true""","""verdadero""","""точно""","""verdadeiro""","""exact""","""genau""","""Sant""","""ya""",,""""""
,"""true""","""cierto""","""действительно""","""verdadeiro""","""exact""","""exakt""","""Korrekt""","""ya""",,""""""
,"""heck yeah!""","""¡claro que sí!""","""чёрт подери, да!""","""claro!""","""Et comment!""","""ja verdammt!""","""Korrekt""","""aye aye, captain!""",,""""""
,"""indubitably""","""sin duda""","""несомненно""","""sem dúvida""","""sans aucun doute ""","""zweifellos""","""Självklart""","""land ho!""",,""""""
no variants,"""no""","""no""","""нет""","""não""","""non""","""nein""","""Nej""","""nay""",,""""""
,"""no""","""no""","""нет""","""não""","""non""","""nö""","""Nej""","""nay""",,""""""
,"""false""","""falso""","""ложь""","""falso""","""faux""","""falsch""","""Falskt""","""nah""",,""""""
,"""not true""","""no es cierto""","""неправда""","""incorreto""","""pas vrai""","""das stimmt nicht""","""Inte sant""","""it be false""",,""""""
,"""no way!""","""¡ni hablar!""","""ни в коем случае!""","""de jeito nenhum""","""pas question!""","""niemals! ""","""Aldrig!""","""shiver me timbers!""",,""""""
,"""by no means""","""de ninguna manera""","""ни в коем случае!""","""de maneira nenhuma""","""en aucun cas ""","""auf keinen Fall""","""Inte en chans""","""no way, matey!""",,""""""
Rogue Dark Before Boss 1,"""Go no further.""","""Alto ahí.""","""Ни шагу больше.""","""Parado aí""","""N'allez pas plus loin.""","""Geh nicht weiter. ""","""Inte ett steg till!""","""Sail no further...""",,""""""
Rogue Dark Before Boss 2,"""Before you is our master,""","""Ante ti está nuestro maestro.""","""Перед тобой наш господин""","""Diante de você está o seu mestre.""","""Devant vous est notre maître,""","""Vor dir steht unser Meister, ""","""Framför dig är våran mästare,""","""Before ye is the devil himself...""",,""""""
Rogue Dark Before Boss 3,"""Your undead body has no chance.""","""Tu cuerpo de muerto viviente no tiene ninguna posibilidad""","""Твое полумёртвое тело не имеет ни единого шанса""","""Seu corpo de morto vivo não tem nenhuma chance.""","""Votre corps de mort-vivant n'a aucune chance.""","""Dein untoter Körper hat keine Chance. ""","""Din odöda kropp har inte en chans.""","""Ya've got no chance, matey!""",,""""""
Rogue Dark Before Boss 4,"""So my visions tell me.""","""Eso me han mostrado las visiones.""","""Так говорят видения.""","""Assim me dizem as minhas visões.""","""C'est ce que me disent mes visions.""","""So sagen es mir meine Visionen. ""","""Det säger mina uppenbarelser.""","""That's what me visions are sayin'""",,""""""
Witch Before Boss,"""Skele! Please come help!""","""¡Skele! ¡Ven a ayudarme!""","""Скеле! Помоги!""","""Skele! Por favor me ajude!""","""Skele! S'il te plaît, viens m'aider! ""","""Skele! Bitte komm mir zur Hilfe!""","""Skele! Snälla kom och hjälp mig!""","""Oy, dead man! Need some help, lad!""",,""""""
Boy Before Boss,"""Head towards me skele!""","""¡Ven a mí, Skele!""","""Пожалуйста, иди сюда!""","""Vem aqui, Skele!""","""Viens vers moi Skele! ""","""Komm zu mir, Skele! ""","""Gå mot mig Skele!""","""Rattlebones! Ov'r here, mate!""",,""""""
Rogue Before Boss,"""Just a bit closer!""","""¡Un poco más!""","""Еще немного!""","""Mais um pouco!""","""Juste un peu plus proche!""","""Noch ein bisschen näher! ""","""Bara lite närmre!""","""Get over here, lad""",,""""""
Shadow 1,"""You fool.""","""Idiota.""","""Глупец!""","""Seu idiota.""","""Imbécile.""","""Du Narr.""","""Din idiot.""","""Filthy landlubber...""",,""""""
Shadow 2,"""You've come to my world now.""","""Has entrado a mi mundo.""","""Ты ступил на мою территорию""","""Você entrou no meu mundo.""","""Tu es dans mon domaine désormais.""","""Nun bist du in meiner Welt.""","""Du har kommit till min värld.""","""I'm tha captain of th' ship now, matey!""",,""""""
Shadow 3,"""Lianthus!""","""¡Lianthus!""","""Lianthus!""","""Lianthus!""","""Lianthus!""","""Lianthus! ""","""Lianthus!""","""Lianthus!""",,""""""
Shadow 4,"""I will have your shadow!""","""¡Tendré tu sombra!""","""Я заберу твою тень!""","""Eu terei a sua sombra!""","""J'aurais ton ombre!""","""Ich werde dir deinen Schatten nehmen. ""","""Jag ska ta din skugga!""","""I'll have ye swimmin' with the fishies!""",,""""""
Shadow 5 (DEFEAT),"""How could this be!!""","""¿¡Cómo es posible!?""","""Как это возможно?!""","""Como é possível?""","""Comment est-ce possible!!""","""Wie konnte das passieren?! ""","""Det är omöjligt!!""","""Shiver me timbers! How this could be happenin'?!""",,""""""
Shadow 6 (last character will repeat),"""Noooo""","""Noooo""","""Неееееет""","""Nãããããão""","""Noooon""","""Neeeiiiin""","""Neeeeeeeej""","""Arrrggggghhhhh!!!""",,""""""
Rogue (ending),"""I see now..""","""Ya veo...""","""Теперь я вижу""","""Agora eu vejo...""","""Je vois maintenant..""","""Ich sehe es jetzt... ""","""Jag kan se det nu""","""Me visions are clear now...""",,""""""
,"""The darkness had clouded my mind..""","""La oscuridad me nubló la mente.""","""Тьма затуманила мой разум""","""A escuridão nublou minha mente.""","""L'obscurité avait troublé mon esprit..""","""Die Dunkelheit hatte meinen Geist benebelt. ""","""Mörkret hade fördunklat mitt sinne...""","""The devil's been cloudin' me thoughts""",,""""""
,"""My visions were nothing but shadows.""","""Mis visiones fueron nada más que sombras.""","""Мои видения были лишь тенями""","""Minhas visões não eram nada além de sombras.""","""Mes visions n'étaient rien d'autre que des ombres.""","""Meine Visionen waren nichts als Schatten. ""","""Mina uppenbarelser var endast skuggor""","""I've been seein' double for too long""",,""""""
,"""I can dream in light now.""","""Puedo soñar con la luz ahora.""","""Теперь я могу спать спокойно.""","""Eu posso sonhar com a luz agora.""","""Je peux rêver de lumière maintenant.""","""Nun kann ich wieder vom Licht träumen.""","""Nu kan jag drömma i ljus.""","""Guess I'll need to lay off the ale, eh?""",,""""""
,"""Thank You.""","""Gracias.""","""Спасибо.""","""Obrigado.""","""Merci.""","""Danke. ""","""Tack så mycket.""","""Cheers, mate!""",,""""""
More menu stuff,"""Hide GUI""","""Ocultar interfaz""","""Скрыть интерфейс""","""Ocultar Interface""","""Cacher l'interface ""","""Benutzeroberfläche ausblenden""","""Göm GUI""","""Hide yer map""",,""""""
,"""Delete Save File""","""Eliminar el archivo guardado,""","""Удалить сохранения""","""Apagar arquivo salvo""","""Supprimer la sauvegarde ""","""Speicherstand löschen""","""Ta bort sparad fil.""","""Maroon yer save data""",,""""""
,"""Are you sure??""","""¿¿Estás seguro/segura??""","""Вы уверены??""","""Tem certeza??""","""Tu es sûr?? ""","""Bist du dir sicher?? ""","""Är du säker??""","""Ya sure, mate??""",,""""""
Compass,"""Compass Unlocked!""","""¡Brújula desbloqueada!""","""Компас Разблокирован!""","""Bússola desbloqueada!""","""Boussole débloquée!""","""Kompass freigeschaltet! ""","""Compassen är Upplåst!""","""ya got th' compass!""",,""""""
,"""White Arrow points North""","""La flecha blanca apunta hacia el norte.""","""Белая Стрелка указывает на Север""","""A seta branca aponta pro norte""","""La Fléche Blanche pointe vers le Nord""","""Der weiße Pfeil zeigt nach Norden.""","""Den vita pilen pekar mot norr.""","""Tha arrow points north, mate!""",,""""""
Boy - Shadow Defeated,"""I think I remember the way home now.""","""Creo que recuerdo el camino a casa ahora.""","""Кажется я вспомнил путь домой""","""Acho agora eu lembro do caminho de casa.""","""Je pense que je me rappelle du chemin de retour maintenant.""","""Ich denke, ich erinnere mich jetzt wieder an den Heimweg.""","""Jag tror jag minns vägen hem nu.""","""I think I rememb'r me way home now...""",,""""""
,"""But i'll stay a little longer skele.""","""Pero me quedare un poco más, Skele.""","""Но я останусь еще ненадолго, Скеле.""","""Mas eu vou ficar um pouco mais, Skele.""","""Mais je vais rester un peu plus longtemps Skele.""","""Aber ich werde noch etwas bleiben, Skele. ""","""Men jag kommer stanna lite längre Skele.""","""But I think I'll stay put a while longer, eh rattlebones?""",,""""""
Witch - Shadow Defeated,"""I can't feel the darkness anymore.""","""Ya no siento la oscuridad.""","""Я больше не чувствую присутствия тьмы""","""Eu não consigo mais sentir a escuridão.""","""Je ne peux plus sentir l'obscurité.""","""Ich kann die Dunkelheit nicht mehr spüren. ""","""Jag kan inte känna mörkret längre.""","""Ay, I can't feel th' bilge no more.""",,""""""
,"""I'll practice safer magic from now on!""","""¡Practicaré magia más segura ahora!""","""С этого момента буду практиковать только безопасную магию!""","""Eu vou praticar magia mais segura de agora em diante!""","""Je vais pratiquer une magie plus sûre à partir de maintenant!""","""Von jetzt an werde ich ungefährlichere Magie verwenden!""","""Jag ska vara mer försiktig med magi från och med nu!""","""Yo ho! I'll practice safe witchcraft from now on!""",,""""""
Enter Dark tutorial (xbox),"""'Y' button to enter""","""«Y» para entrar""","""""Y"" для Подтвердить""","""Y' para entrar.""","""""Y"" pour se entrer""","""»Y« zum los""","""Tryck 'Y' för att börja""","""Mash th' ""Y"" button ta entar""",,""""""
Enter Dark tutorial (playstation),"""Triangle button to enter""","""«Triangulo» para entrar""","""""Треугольник"" для Подтвердить""","""Triângulo para entrar.""","""""Triangle"" pour se entrer""","""»Dreieck« zum los""","""Tryck 'Trekant' för att börja""","""Mash th' ""Y"" button ta entar""",,""""""
Enter Dark tutorial (pc),"""Shift to enter""","""«Shift» para entrar""","""Shift для Подтвердить""","""Shift para entrar.""","""""Shift"" pour se entrer""","""»Shift« zum los""","""Tryck 'Shift' för att börja""","""Mash th' ""Shift"" button ta entar""",,""""""
,"""""","""Entrar""","""Подтвердить""","""Entrar""","""Entrer ""","""Los""","""Börja""","""Set Sail""",,""""""
,"""""",,,"""""","""""",,"""""","""""",,""""""
,,,,"""""",,,,,,""""""
,,,,"""""",,,,,,""""""
,,,,,,,,,,""""""
,,,,,,,,,,""""""
,,,,,,,,,,""""""
,,,,,,,,,,""""""
,,,,,,,,,,""""""
,,,,,,,,,,""""""